<?xml version="1.0" encoding="UTF-8"?>
<project version="4">
  <component name="AutoImportSettings">
    <option name="autoReloadType" value="SELECTIVE" />
  </component>
  <component name="ChangeListManager">
    <list default="true" id="051424cb-fede-46ac-b01f-4cef63cbdc53" name="Changes" comment="" />
    <option name="SHOW_DIALOG" value="false" />
    <option name="HIGHLIGHT_CONFLICTS" value="true" />
    <option name="HIGHLIGHT_NON_ACTIVE_CHANGELIST" value="false" />
    <option name="LAST_RESOLUTION" value="IGNORE" />
  </component>
  <component name="FileTemplateManagerImpl">
    <option name="RECENT_TEMPLATES">
      <list>
        <option value="JavaScript File" />
      </list>
    </option>
  </component>
  <component name="HighlightingSettingsPerFile">
    <setting file="file://$PROJECT_DIR$/src/larma.java" root0="SKIP_INSPECTION" />
  </component>
  <component name="ProblemsViewState">
    <option name="selectedTabId" value="ProjectErrors" />
  </component>
  <component name="ProjectColorInfo">{
  &quot;associatedIndex&quot;: 6
}</component>
  <component name="ProjectId" id="37p0qesIo3aOcy1Iezo03FpnJsq" />
  <component name="ProjectViewState">
    <option name="hideEmptyMiddlePackages" value="true" />
    <option name="showLibraryContents" value="true" />
  </component>
  <component name="PropertiesComponent">{
  &quot;keyToString&quot;: {
    &quot;Application.Main.executor&quot;: &quot;Run&quot;,
    &quot;ModuleVcsDetector.initialDetectionPerformed&quot;: &quot;true&quot;,
    &quot;RunOnceActivity.ShowReadmeOnStart&quot;: &quot;true&quot;,
    &quot;RunOnceActivity.TerminalTabsStorage.copyFrom.TerminalArrangementManager.252&quot;: &quot;true&quot;,
    &quot;RunOnceActivity.typescript.service.memoryLimit.init&quot;: &quot;true&quot;,
    &quot;kotlin-language-version-configured&quot;: &quot;true&quot;,
    &quot;node.js.detected.package.eslint&quot;: &quot;true&quot;,
    &quot;node.js.detected.package.tslint&quot;: &quot;true&quot;,
    &quot;node.js.selected.package.eslint&quot;: &quot;(autodetect)&quot;,
    &quot;node.js.selected.package.tslint&quot;: &quot;(autodetect)&quot;,
    &quot;nodejs_package_manager_path&quot;: &quot;npm&quot;,
    &quot;onboarding.tips.debug.path&quot;: &quot;C:/Users/HP/IdeaProjects/input database/src/Main.java&quot;,
    &quot;project.structure.last.edited&quot;: &quot;Modules&quot;,
    &quot;project.structure.proportion&quot;: &quot;0.15&quot;,
    &quot;project.structure.side.proportion&quot;: &quot;0.2&quot;,
    &quot;vue.rearranger.settings.migration&quot;: &quot;true&quot;
  }
}</component>
  <component name="RecentsManager">
    <key name="MoveFile.RECENT_KEYS">
      <recent name="C:\Users\HP\IdeaProjects\input database\src" />
      <recent name="C:\Users\HP\IdeaProjects\input database\.idea" />
      <recent name="C:\Users\HP\IdeaProjects\input database\src\praktek PBO" />
    </key>
  </component>
  <component name="SharedIndexes">
    <attachedChunks>
      <set>
        <option value="bundled-jdk-30f59d01ecdd-26cb7f24e5b0-intellij.indexing.shared.core-IU-253.29346.138" />
        <option value="bundled-js-predefined-d6986cc7102b-9b0f141eb926-JavaScript-IU-253.29346.138" />
      </set>
    </attachedChunks>
  </component>
  <component name="TaskManager">
    <task active="true" id="Default" summary="Default task">
      <changelist id="051424cb-fede-46ac-b01f-4cef63cbdc53" name="Changes" comment="" />
      <created>1767584912360</created>
      <option name="number" value="Default" />
      <option name="presentableId" value="Default" />
      <updated>1767584912360</updated>
      <workItem from="1767584979887" duration="38000" />
      <workItem from="1767585830301" duration="1751000" />
      <workItem from="1767658625352" duration="18000" />
      <workItem from="1767658726848" duration="1845000" />
      <workItem from="1767660927745" duration="1212000" />
      <workItem from="1767667618579" duration="1601000" />
      <workItem from="1767753245842" duration="1710000" />
    </task>
    <servers />
  </component>
  <component name="TypeScriptGeneratedFilesManager">
    <option name="version" value="3" />
  </component>
  <component name="com.intellij.coverage.CoverageDataManagerImpl">
    <SUITE FILE_PATH="coverage/input_database$Main.ic" NAME="Main Coverage Results" MODIFIED="1767662128800" SOURCE_PROVIDER="com.intellij.coverage.DefaultCoverageFileProvider" RUNNER="idea" COVERAGE_BY_TEST_ENABLED="false" COVERAGE_TRACING_ENABLED="true" />
  </component>
</project>